MovieID,Title
1,&flix
2,1.75
3,100
4,12:21:21
5,2
6,2012
7,24
8,64 Mayam
9,64 Mayam  short movie clip
10,7Naatkal
11,8 Thottakkal
12,A Flying Jatt
13,A Million Little Things
14,A Minutes Silence
15,A Plus
16,A Wedding Affair by BRIDES OF SRI LANKA
17,APL 6th T20 Nangarhar Leopards v Kabul Zwanan
18,ART TV
19,AXN
20,Aadare Naamayen
21,Aadarei Mang
22,Aadhavan
23,Aakasa Kusum (Flowers of the Sky)
24,Aakasha Ganga 2
25,Aalwar
26,Aanantha Thaandavam
27,Aaram Vetrumai
28,Aaru
29,Aasal
30,Aathma
31,Aayirathil Iruvar
32,Abeetha Diyaniya
33,Abhinikmana
34,Abominable
35,Abu Dhabi T10 League 2019 : Delhi Bulls Vs Qalandars Highlights
36,Achcham Yenbadhu Madamaiyada
37,Ada Derana
38,Ada Derana 24X7
39,Ada Derana Live
40,Ada Kotipathi
41,AdaDerana 24X7
42,Adanga Maru
43,AdangamaruTrailer
44,Adare Hithenawa Dakkama
45,Adarei Mang Adarei
46,Address Ne
47,Address Ne short movie clip
48,Aegan
49,Age Asa Aga
50,Age Asa Aga short movie clip
51,Age Vairaya
52,Age Vairaya 2
53,Age Vairaya 3
54,Ahas Gauwa
55,Ahas Maliga
56,Ahelapola Kumarihami
57,Air Force SC vs Army SC - Dialog Rugby League 2018/19 - #Match 7
58,Air Force SC vs CH & FC - Dialog Rugby League 2019/20 - #Match 25
59,Air Force SC vs Havelock SC - Dialog Rugby Leauge 2014/15 - #Match 01
60,Air Force vs Kandy SC - Dialog Rugby League 2014/15 - #Match 08
61,Akala Sandya Episode 01
62,Akala Sandya Episode 02
63,Akala Sandya Episode 03
64,Akala Sandya Episode 04
65,Akala Sandya Episode 05
66,Akala Sandya Episode 06
67,Akala Sandya Episode 07
68,Akala Sandya Episode 08
69,Akala Sandya Episode 09
70,Akala Sandya Episode 10
71,Akala Sandya Episode 11
72,Akala Sandya Episode 12
73,Akala Sandya Episode 13
74,Akala Sandya Episode 14
75,Akala Sandya Episode 15
76,Akala Sandya Episode 16
77,Akilandakodi Brahmandanayagan
78,Akka Nago
79,Akuru Maki Na
80,Aladdin
81,Aladin Saha Puduma Pahana
82,Algebraic Fractions
83,Algebraic Inequalities
84,Algebric Fractions
85,Ali Surathal
86,All in All Azhagu Raja
87,Allapu Gedara
88,Aluth Parlimenthuwa
89,Amanthaya
90,Amarasiri Kalansuriya
91,Amarkalam
92,Amazing World
93,Ambapaali
94,American Ninja Warrior S10 E12
95,American Ninja Warrior S10 E13
96,American Ninja Warrior S10 E14
97,Amma Kanakku
98,Ammalai Doolai Episode 01
99,Ammalai Doolai Episode 02
100,Ammalai Doolai Episode 03
101,Ammalai Doolai Episode 04
102,Ammalai Doolai Episode 05
103,Ammalai Doolai Episode 06
104,Ammalai Doolai Episode 07
105,Ammalai Doolai Episode 08
106,Ammalai Doolai Episode 09
107,Ammalai Doolai Episode 10
108,Ammalai Doolai Episode 11
109,Ammalai Doolai Episode 12
110,Ammalai Doolai Episode 13
111,Ammalai Doolai Episode 14
112,Ammalai Doolai Episode 15
113,Ammalai Doolai Episode 16
114,Ammalai Doolai Episode 17
115,Ammalai Doolai Episode 18
116,Ammalai Doolai Episode 19
117,Ammalai Doolai Episode 20
118,Ammalai Doolai Episode 21
119,Ammalai Doolai Episode 22
120,Ammawarune
121,Anaconda 3: Offspring
122,Anacondas: Trail Of Blood
123,Anagarika Dharmapala Srimathano
124,Ananda College vs Isipathana College - Day 1 - Schools Cricket Singer U19 Tournament 2016/17
125,Ananda College vs Nalanda College  Trailer
126,Ananda College vs Nalanda College - 45th One-Day Encounter - 2019
127,Anbanavan Asaradhavan Adangadhavan
128,Anbulla Rajinikanth
129,Anegan
130,Angelo Mathews
131,Angles in a circle
132,Angulimala
133,Anithya
134,Anjaan
135,Anjala
136,Ankaadi Theru
137,Anna
138,Anoma's Kitchen
139,Anupama
140,Anupamaa
141,Anusha
142,Anyone Can Cook
143,Aparadaya Saha Daduwama
144,Ape Chooti Du
145,Apey Sinduwa
146,Appa
147,AppataSiri
148,Appatasiri Trailer
149,Apuru Bodima Episode 1
150,Apuru Bodima Episode 10
151,Apuru Bodima Episode 2
152,Apuru Bodima Episode 3
153,Apuru Bodima Episode 4
154,Apuru Bodima Episode 5
155,Apuru Bodima Episode 6
156,Apuru Bodima Episode 7
157,Apuru Bodima Episode 8
158,Apuru Bodima Episode 9
159,Arambam
160,Aran
161,Area
162,Areas of Plane Figures between Parallel Lines
163,Arithmetic progression
164,Army SC vs Kandy SC - Dialog Rugby League 2018/19 - #Match 11
165,Army SC vs Navy SC - Dialog Rugby Leauge 2014/15 - #Match 03
166,Army SC vs Police SC - Dialog Rugby League 2019/20 - #Match 26
167,Art 4U
168,Art Cafe
169,Asai Man Piyabanna
170,Asha Dasin
171,Asian International v Lyceum International (W) - TPBC17 - QF1
172,Asuran
173,At Your Service by Indu Dharmasena
174,Aththa Naththa
175,Athuru Mithuru Hari Apuru
176,Athuru Mithuru Hari Apuru Trailer
177,Attu
178,Avater - The Last Air Bender
179,Avater -The Last Air Bender- S03
180,Aviyal
181,Awa Soya Adare
182,Ayan
183,Ayubowan Suba Dawasak - Live
184,Ayubowan Suba Dawasak Live
185,B4U Music
186,BBC Earth
187,Baagyalatchumi Illatharisiyin Kadhai
188,Baby Driver
189,Back To Back
190,Back To Back Songs
191,Back to Back
192,Bahuboothayo
193,Bamba Ketu Heti
194,Bambara Walalla
195,Bambasara Bisaw
196,Bandhanaya
197,Bandhanaya  short movie clip
198,Barathi
199,Barrister Babu
200,Batte of the Blues
201,Batticaloa Part 1
202,Batticaloa Part 2
203,Batticaloa Part 3
204,Battle of the Brothers
205,Battle of the Maroons
206,Battle of the Saints
207,Bawa Duka
208,Bawa Karma
209,Bawa Sasara
210,Beauty Tips
211,Beauty and the Beast
212,Beli Mal With Peshala & Denuwan
213,Bengal Tiger
214,Berunda Pakshiya
215,Beruwela
216,Best Of Manada.Mayilada
217,Best Of Pechu Thiruvizha
218,Best Of Sirippoli
219,Between Worlds
220,Bharathi Kannamma
221,Bhaskar Oru Rascal
222,Bheemaa
223,Bheeshanaye Athuru Kathawak
224,Bhooloham
225,Bicykale
226,Bigg Boss Tamil S04
227,Bigil
228,Billa
229,Billa Pandi
230,Binomial Expressions
231,Binomial expression
232,Black Eye
233,Blue Bloods S08
234,Bogoda Andaraya Episode 01
235,Bogoda Andaraya Episode 02
236,Bogoda Andaraya Episode 03
237,Bogoda Andaraya Episode 04
238,Bogoda Andaraya Episode 05
239,Bogoda Andaraya Episode 06
240,Bogoda Andaraya Episode 07
241,Bogoda Andaraya Episode 08
242,Bogoda Andaraya Episode 09
243,Bogoda Andaraya Episode 10
244,Bogoda Andaraya Episode 11
245,Bogoda Andaraya Episode 12
246,Bogoda Andaraya Episode 13
247,Bogoda Andaraya Episode 14
248,Bogoda Andaraya Episode 15
249,Bogoda Andaraya Episode 16
250,Bogoda Andaraya Episode 17
251,Bogoda Andaraya Episode 18
252,Bogoda Andaraya Episode 19
253,Bogoda Andaraya Episode 20
254,Bogoda Andaraya Episode 21
255,Bogoda Andaraya Episode 22
256,Bogoda Andaraya Episode 23
257,Bogoda Andaraya Episode 24
258,Bolt
259,Bomba Saha Rosa
260,Bomba Saha Rosa short movie clip
261,Bongu
262,Boomerang
263,Bora Diya Pokuna (Scent of the Lotus Pond)
264,Bora diya Pokuna  Short Reel
265,Boys Third Place Playoff - Gateway College v Asian International School - ThePapare Basketball Champ
266,Brahma.com
267,Brave Archer And His Mate
268,Break Free Comedy
269,Brightburn
270,Broken Strings of Marionette
271,Buddhist TV
272,Buduruwagala
273,Bumm Bumm Bole
274,CH & FC vs Army SC - Dialog Rugby League 2019/20 - #Match 2
275,CH & FC vs Havelock SC - Dialog Rugby League 2019/20 - #Match 11
276,CH & FC vs Kandy SC - Dialog Rugby League 2019/20 - #Match 23
277,CH & FC vs Navy SC - Dialog Rugby League 2019/20 - #Match 13
278,CH&FC vs Kandy SC - Dialog Rugby League 2017/18 - #Match 1
279,CR & FC vs Air Force SC - Dialog Rugby League 2019/20 - #Match 37
280,CR & FC vs Army SC - Dialog Rugby League 2019/20 - #Match 16
281,CR & FC vs CH & FC - Dialog Rugby League 2019/20 - #Match 7
282,CR & FC vs Havelock SC - Dialog Rugby League 2019/20 - #Match 34
283,CR & FC vs Kandy SC - Dialog Rugby League 2014/15 - #Match 07
284,CR & FC vs Kandy SC - Dialog Rugby League 2019/20 - #Match 19
285,CR & FC vs Navy SC - Dialog Rugby League 2019/20 - #Match 27
286,CR & FC vs Police SC - Dialog Rugby League 2019/20 - #Match 3
287,CR&FC vs Army SC - Dialog Rugby Leauge 2015/16 - #Match 1
288,Call  A Friend
289,Captain Sabertooth
290,Cellestial Classic Movies
291,Chaaya
292,Chakrangi Episode 01
293,Chakrangi Episode 02
294,Chakrangi Episode 03
295,Chakrangi Episode 04
296,Chakrangi Episode 05
297,Chakrangi Episode 06
298,Chakrangi Episode 07
299,Chakrangi Episode 08
300,Chakrangi Episode 09
301,Chakrangi Episode 10
302,Chakrangi Episode 11
303,Chakrangi Episode 12
304,Chakrangi Episode 13
305,Chakrangi Episode 14
306,Chakrangi Episode 15
307,Chakrangi Episode 16
308,Chakrangi Episode 17
309,Chakrangi Episode 18
310,Chakrangi Episode 19
311,Chakrangi Episode 20
312,Chakrangi Episode 21
313,Chakrangi Episode 22
314,Challenges
315,Champion Stars Unlimited
316,Chanchala Reka
317,Chandani
318,Chandi Patau
319,Chandi Raja
320,Chandi Rajina
321,Chandi Veeran
322,Chandra Vinsathi Episode 01
323,Chandra Vinsathi Episode 02
324,Chandra Vinsathi Episode 03
325,Chandra Vinsathi Episode 04
326,Chandra Vinsathi Episode 05
327,Chandra Vinsathi Episode 06
328,Chandra Vinsathi Episode 07
329,Chandra Vinsathi Episode 08
330,Chandra Vinsathi Episode 09
331,Chandra Vinsathi Episode 10
332,Chandra Vinsathi Episode 11
333,Chandra Vinsathi Episode 12
334,Chandra Vinsathi Episode 13
335,Chandra Vinsathi Episode 14
336,Chandra Vinsathi Episode 15
337,Chandra Vinsathi Episode 16
338,Chandra Vinsathi Episode 17
339,Chandra Vinsathi Episode 18
340,Chandra Vinsathi Episode 19
341,Chandra Vinsathi Episode 20
342,Chandra Vinsathi Episode 21
343,Chandra Vinsathi Episode 22
344,Chandra Vinsathi Episode 23
345,Chandra Vinsathi Episode 24
346,Chandra Vinsathi Episode 25
347,Chandra Vinsathi Episode 26
348,Chandra Vinsathi Episode 27
349,Chandra Vinsathi Episode 28
350,Chandra Vinsathi Episode 29
351,Change Forum - 2016
352,Channel EYE
353,Channel One
354,Chappie
355,Chapter 12
356,Charlie's Angels
357,Chat & Music
358,Chekka Chivantha Vaanam
359,Chennai V/S China
360,Cheriyo Doctor
361,Cheriyo Holman
362,Chicago Fire S04
363,Chicago Pd S05
364,Chilaw
365,Chinna Poove Mella Pesu
366,Chords of a circle
367,Chorus
368,Choti Sarrdaarni
369,Chuda Chuda
370,Cinderella Short movie clip
371,Cindrella
372,Cine Gee
373,Cinemaworld
374,Citizen
375,City Hitz
376,Colombo
377,Colors
378,Colors Tamil
379,Congurence of Triangles
380,Constructions
381,Cooking Beat
382,Copy Chat
383,Cricket Documentary
384,Curfew S01
385,Curfew S01 E04
386,Curfew S01 E06
387,Cyclic Quandilaterals
388,D Sport
389,D.S. Senanayake College Vs St. Joseph's College -School Rugby Singer League - 2016
390,D.S.Senanayake College v Zahira College - Singer Schools' Rugby League 2018 - #Match 7
391,DNA Chapter Two - Beggar's Story EP 01
392,DNA Chapter Two - Beggar's Story EP 02
393,DNA Chapter Two - Beggar's Story EP 03
394,DNA Chapter Two - Beggar's Story EP 04
395,DNA Chapter Two - Beggar's Story EP 05
396,DNA Chapter one -  Girl's Story EP 02
397,DNA Chapter one -  Girl's Story EP 03
398,DNA Chapter one - Girl's Story EP 01
399,DNA Chapter one - Girl's Story EP 04
400,DNA Chapter one - Girl's Story EP 05
401,DS Senanayaka College vs Kingswood College - Schools Rugby legaue 2019 - #Match 51
402,DS Senanayake College vs Mahanama College - 13th One Day Encounter - 2019
403,Da Vinci
404,Daangale
405,Dadubasnamanaya Episode 01
406,Dadubasnamanaya Episode 02
407,Dadubasnamanaya Episode 03
408,Dadubasnamanaya Episode 04
409,Dadubasnamanaya Episode 05
410,Dadubasnamanaya Episode 06
411,Dadubasnamanaya Episode 07
412,Dadubasnamanaya Episode 08
413,Dadubasnamanaya Episode 09
414,Dadubasnamanaya Episode 10
415,Dadubasnamanaya Episode 11
416,Dadubasnamanaya Episode 12
417,Dadubasnamanaya Episode 13
418,Dadubasnamanaya Episode 14
419,Dadubasnamanaya Episode 15
420,Dadubasnamanaya Episode 16
421,Dadubasnamanaya Episode 17
422,Dahakin Ekak
423,Dahami Derana
424,Dambadeniya
425,Dampada Vivarana
426,Danna Pahak
427,Darma Deshanaya
428,Daruwane
429,Daruwane  short movie clip
430,Dase Mal Pipila
431,Data Representation and Interpretaion
432,Data Representation and Interpretation
433,Data representation
434,Data-Representation
435,Davena Vihagun (Burning Birds)
436,Dawasama Suba Wena ITN Seth Shanthiya
437,De Lanerolle Brothers Musical Concert
438,Dedunnen Samanaliyak
439,Deer Squad
440,Deiyange Ratey
441,Delft
442,Derana Aruna
443,Descendant Of The Sun
444,Dev
445,Dev Trailer
446,Deveni Gamana
447,Deveni Inima
448,Deveni Warama
449,Devi
450,Devil
451,Dhadak
452,Dhanam
453,Dhanaya
454,Dhara
455,Dharani
456,Dharma Durai
457,Dharma Sakachchawa - Savanak Res
458,Dharmaraja College vs St. Anthony's College -Singer Schools Rugby League 2014
459,Dhayam
460,DhayamTrailer
461,Dhayathwa Deshana
462,Dheena
463,Dheewari
464,Dhill
465,Dhool
466,Dialog Ridee Reyak  - 2016
467,Dialog Rugby 2019
468,Didula Tv Buddhist
469,Die Hard 2
470,Die Hard 4
471,Different Voices 2017
472,Dilki Chart
473,Directors Cut
474,Discussion
475,Dishyum Dishyum
476,Diya
477,Diya Yata Gindara
478,Documentary
479,Dolos Mahe Pahana
480,Doni
481,Dora
482,Dorakada Marawa
483,Double Trouble
484,Dp Education
485,Dragon Hunters
486,Dream 11 - IPL 2020
487,Drift Trailer
488,Dubble Room
489,Duhulu Malak
490,EWTN/ Verbum TV
491,Edath Chandiya Adath Chandiya
492,Edward Jayakody
493,Eeramaana Rojavey
494,Eetti
495,Ehipassiko
496,Ek Hazaron Main Meri Behna Hai
497,Eka Dawasaka Api
498,Eka Dawasaka Api  short movie clip
499,Eka langa kotu Ep 01
500,Eka langa kotu Ep 02
501,Eka langa kotu Ep 03
502,Eka langa kotu Ep 04
503,Eka langa kotu Ep 05
504,Eka langa kotu Ep 06
505,Eka langa kotu Ep 07
506,Eka langa kotu Ep 08
507,Eka langa kotu Ep 09
508,Eka langa kotu Ep 10
509,Eka langa kotu Ep 11
510,Eka langa kotu Ep 12
511,Ektamge
512,Eli
513,Emerge
514,En Friend Ah Pola Yaru Machan
515,Enakku Innoru Per Irukku
516,End Of Tansmission
517,Endrendrum Punnagai
518,England (W) vs West Indies (W) 2020-5th T20I Highlights
519,England vs Australia 2020-3rd T20I Highlights
520,English Part 01
521,Enkitta Mothathe
522,Ennodu Vilayadu
523,Episode Factory
524,Equations
525,Equiangular Triangles
526,Equilibrium
527,Ethuma Episode 01
528,Ethuma Episode 02
529,Ethuma Episode 03
530,Ethuma Episode 04
531,Ethuma Episode 05
532,Ethuma Episode 06
533,Ethuma Episode 07
534,Ethuma Episode 08
535,Ethuma Episode 09
536,Ethuma Episode 10
537,Ethuma Episode 11
538,Ethuma Episode 12
539,Ethuma Episode 13
540,Ethuma Episode 14
541,Ethuma Episode 15
542,Ethuma Episode 16
543,Ethuma Episode 17
544,Ethuma Episode 18
545,Ethuma Episode 19
546,Ethuma Episode 20
547,Ethuma Episode 21
548,Ethuma Episode 22
549,Ethuma Episode 23
550,Ethuma Episode 24
551,Ethuma Episode 25
552,Ethuma Episode 26
553,Ethuma Episode 27
554,Ethuma Episode 28
555,Ethuma Episode 29
556,Ethuma Episode 30
557,Ethuma Episode 31
558,Ethuma Episode 32
559,Ethuma Episode 33
560,Ethumai Methumai
561,Existence
562,Extreme Fails
563,F-Parties
564,Factors of quandric expression
565,Fantasy Island
566,Fashion TV
567,Fashion With Me
568,Faster
569,Faulks on Fiction
570,Feel The Beat
571,Filler
572,Film One
573,Final: Isipathana College v Royal College -Schools' Rugby Milo Knockouts 2014
574,First Love Pooja
575,First Term Revision Exercises
576,Fitoor
577,Formula
578,Four Weddings And A Funeral
579,Fractions
580,Free Birds
581,Frequency Distribution
582,Friends
583,Full House
584,Fun & Learning For Kids
585,GP-TO
586,Gal Saththu Nayaka - Wannupatha Jathakaya
587,Galle Face & Slave Island
588,Galle Fort
589,Galviharaya
590,Gamunu Chethiya
591,Ganga Dege
592,Garunda Muhurthaya
593,Gedara Budun Amma
594,Gemini Ganesanum Suruli Rajanum
595,Genes Season 9
596,Genius
597,Geography
598,Geometric Progression
599,Geometric progressions
600,Get access to Unlimited Videos & Live TV
601,Gharasarapa (The Lurking Serpent)
602,Ghost Rider
603,Ghum Hai Kisikey Pyaar Meiin
604,Gimhane Gee Nade
605,Gindara Wage Live
606,Gindaree
607,Gindaree  short movie clip
608,Gini Awi Saha GiniKeli
609,Giri Devi
610,Girls 3rd Place Play Off: Holy Family Convent Bambalapitiya vs Presbyterian Girls真真真真 School Dehiwela
611,Girls Final - Holy Family Convent v St. Joseph's Girls School - ThePapare Basketball Championship 20
612,"Girls Third Place Playoff - Lyceum International School, Wattala v Gateway College - ThePapare Baske"
613,Gokulathil Seethai
614,Goli Soda 2
615,Goody Goody
616,Goundamani Special
617,Grade 5 Session 3
618,Grade 5 Session 4
619,Grade 5 Session 5
620,Graphs
621,Gray Space
622,Greatest comebacks
623,Guerilla Marketing
624,Guru Sishyan
625,H2O - 3
626,HB01272_The Souvenir
627,Haaralakshaya
628,Hada Redi Peya
629,Hadawathe Kathawa
630,Haduna Widiha
631,Handaya
632,Hansa Vilak
633,Hanuman
634,Hath Pana
635,Hath Pethi Mala
636,Hathara Denaama Soorayo
637,Havelock SC vs Army - Dialog Rugby League 2018/19 - #Match 2
638,Havelock SC vs Kandy SC - Dialog Rugby League 2019/20 - #Match 28
639,Havelock SC vs Police SC - Dialog Rugby League 2019/20 - #Match 5
640,Havelock SC vs Police SC - Dialog Rugby Leauge 2015/16 - #Match 2
641,Hawaii Five-0 S10
642,Heena Hoyana Samanallu
643,Heidi
644,Helen
645,Hello Syhamala
646,Hero Nero
647,Hi TV
648,Highlight - Royal College vs S.Thomas真真真真 College - 141st Battle of the Blues 2020
649,Highlights - CR & FC vs CH & FC - Dialog Rugby League 2018/19 - #Match 3
650,Highlights - DS Senanayaka College vs Vidyartha College - Schools Rugby League 2019 - #Match 57
651,Highlights - DS Senanayake College vs Mahanama College - 12th One-Day Encounter
652,Highlights - DS Senanayake College vs Mahanama College - One-Day Encounter
653,Highlights - Dharmaraja College vs DS Senanayaka College - Schools Rugby League 2019 - #Match 55
654,Highlights - Dharmaraja College vs Kingswood College - 113th Battle of the Maroons (Kandy) 2019
655,Highlights - Dharmaraja College vs Royal College - Singer Schools' Rugby League - 2017 - #Match 12
656,Highlights - Dharmaraja College vs Zahira College - Schools Rugby League 2019 - #Match 52
657,Highlights - Final: St. Joseph真真真真s College v St. Peter真真真真s College - Schools Rugby - Milo K/O 2018
658,Highlights - Havelock SC vs Army SC - Dialog Rugby League 2018/19 - #Match 2
659,Highlights - Isipathana College vs St. Anthony真真真真s College - Schools Rugby League 2019 - #Match 4
660,Highlights - Isipathana College vs St.Anthony真真真真s College - Singer Schools' Rugby League - 2017 - #M
661,Highlights - Isipathana College vs Thurstan College - (55th Battle of the Brothers)
662,Highlights - Isipathana College vs Wesley College - Schools Rugby League 2019 - #Match 36
663,Highlights - Isipathana College vs Zahira College - Singer Schools' Rugby League - 2017 - #Match 31
664,Highlights - Isipathana Vs St. Peter's College - Singer League
665,Highlights - Kingswood College vs Maliyadeva College - Schools Rugby League 2019 - #Match 25
666,Highlights - Kingswood College vs St. Peter真真真真s College - Schools Rugby League 2019 - #Match 9
667,Highlights - Kingswood College vs Wesley College - Schools Rugby League 2019 - #Match 6
668,Highlights - Maliyadeva College vs St. Anne真真真真s College - 23rd One-Day Encounter
669,Highlights - Maliyadeva College vs St. Peter真真真真s College - Schools Rugby League 2019 - #Match 16
670,Highlights - Maliyadeva College vs Wesley College - Schools Rugby League 2019 - #Match 10
671,Highlights - Nalanda College vs Ananda College - 90th Battle of the Maroons 2019
672,Highlights - Nalanda College vs Ananda College - 91th Battle of the Maroons 2020
673,Highlights - Police SC vs Navy SC - Dialog Rugby League 2018/19 - #Match 1
674,Highlights - Prince of Wales' College vs St. Sebastian's College - 32nd One-Day Encounter
675,Highlights - Royal College v Kingswood College -Singer Schools Rugby League 2018
676,Highlights - Royal College vs Isipathana College - Schools Rugby League 2019 - #Match 44
677,Highlights - Royal College vs Maliyadeva College - Schools Rugby League 2019 - #Match 3
678,Highlights - Royal College vs S.Thomas' College - 138th Battle of the Blues
679,Highlights - Royal College vs S.Thomas真真真真 College - 140th Battle of the Blues 2019
680,Highlights - Royal College vs S.Thomas真真真真 College - 44th One-Day Encounter - 2019
681,Highlights - Royal College vs Science College - Schools Rugby League 2019 - #Match 35
682,Highlights - Royal College vs St.Anthony真真真真s College - Singer Schools' Rugby League - 2017 - #Match 
683,Highlights - Royal College vs Wesley College - Schools Rugby League 2019 - #Match 17
684,Highlights - S. Thomas' College vs Royal College - 43rd One-Day Encounter
685,Highlights - S. Thomas真真真真 College vs Kingswood College - Schools Rugby League 2019 - #Match 18
686,Highlights - S. Thomas真真真真 College vs Maliyadeva College - Schools Rugby League 2019 - #Match 24
687,Highlights - S. Thomas真真真真 College vs St. Peter真真真真s College - Schools Rugby League 2019 - #Match 2
688,Highlights - Science College vs Isipathana College - Schools Rugby League 2019 - #Match 15
689,Highlights - Science College vs Zahira College - Schools Rugby League 2019 - #Match 8
690,Highlights - Semi final: St. Joseph真真真真s College v Kingswood College - Schools Rugby - Milo K/O 2018
691,Highlights - Sri Sumangala College vs Dharmaraja College - Schools Rugby League 2019 - #Match 56
692,Highlights - Sri Sumangala College vs Kingswood College - Schools Rugby League 2019 - #Match 48
693,Highlights - Sri Sumangala College vs Maliyadeva College - Schools Rugby League 2019 - #Match 49
694,Highlights - Sri Sumangala College vs Vidyartha College - Schools Rugby League 2019 - #Match 53
695,Highlights - St. Anthony真真真真s College vs Science College - Schools Rugby League2019 - #Match 19
696,Highlights - St. Anthony真真真真s College vs St. Joseph真真真真s College - Schools Rugby League 2019 - #Match 
697,Highlights - St. Anthony真真真真s College vs Vidyartha College - Schools Rugby League 2019 - #Match 50
698,Highlights - St. Joseph's College Vs CWW Kannangara College - Singer League
699,Highlights - St. Joseph's College vs St. Peter's College - 44th One-Day Encounter
700,Highlights - St. Joseph真真真真s College v Maliyadeva College - Schools Rugby - Milo K/O 2018
701,Highlights - St. Joseph真真真真s College vs D.S.Senanayake College - School Rugby Singer League - 2016
702,Highlights - St. Joseph真真真真s College vs Isipathana College - Schools Rugby League 2019 - #Match 29
703,Highlights - St. Joseph真真真真s College vs Science College - Schools Rugby League 2019 - #Match 1
704,Highlights - St. Joseph真真真真s College vs St. Peter真真真真s College - 45th One-Day Encounter - 2019
705,Highlights - St. Joseph真真真真s College vs St. Peter真真真真s College - 85th Battle of the Saints 2019
706,Highlights - St. Joseph真真真真s College vs St. Peter真真真真s College - 86th Battle of the Saints 2020
707,Highlights - St. Joseph真真真真s College vs Trinity College - Schools Rugby League 2019 - #Match 20
708,Highlights - St. Joseph真真真真s College vs Zahira College - Schools Rugby League 2019 - #Match 14
709,Highlights - St. Peter真真真真s College v St. Anthony真真真真s College - Singer Schools' Rugby League - 2017 -
710,Highlights - St. Peter真真真真s College vs Isipathana College - Schools Rugby League 2019 - #Match 40
711,Highlights - St. Peter真真真真s College vs Royal College - Schools Rugby League 2019 - #Match 28
712,Highlights - St. Sebastian's College vs Prince of Wales' College - 33rd One-Day Encounter
713,Highlights - St. Sebastian真真真真s College vs Prince of Wales真真真真 College - 34th One-Day Encounter - 2019
714,Highlights - St.Anthony真真真真s vs Dharmaraja College - Singer Schools' Rugby League - 2017 - #Match 26
715,Highlights - St.Joseph真真真真s College vs Dharmaraja College - Singer Schools' Rugby League - 2017 - #Ma
716,Highlights - St.Joseph真真真真s College vs Isipathana College - Singer Schools' Rugby League - 2017 - #Ma
717,Highlights - St.Joseph真真真真s College vs St.Peter真真真真s College - 43rd One-Day Encounter
718,Highlights - St.Joseph真真真真s College vs St.Peter真真真真s College - 83rd Battle of the Saints
719,Highlights - St.Peter真真真真s College vs Isipathana College - Singer Schools' Rugby League - 2017 - #Mat
720,Highlights - Thurstan College vs Isipathana College - 39th One-Day Encounter - 2019
721,Highlights - Thurstan College vs Isipathana College - 54th Battle of the Brothers
722,Highlights - Thurstan College vs Isipathana College - 56th Battle of the Brothers 2019
723,Highlights - Thurstan College vs Isipathana College - 57th Battle of the Brothers 2019
724,Highlights - Trinity College Vs S. Thomas' College - Singer League
725,Highlights - Trinity College Vs St. Anthony's College - Singer League
726,Highlights - Trinity College Vs St. Thomas College -School Rugby Singer League - 2016
727,Highlights - Trinity College vs Isipathana College - Schools Rugby League 2019 - #Match 11
728,Highlights - Trinity College vs Royal College - Schools Rugby League 2019 - #Match 32 - Bradby 真真真真 1
729,Highlights - Trinity College vs Science College - Schools Rugby League 2019 - #Match 26
730,Highlights - Trinity College vs St. Anthony真真真真s College - 102nd Hill Capital Battle of the Blues 201
731,Highlights - Trinity College vs St. Anthony真真真真s College - 38th One Day Encounter - 2019
732,Highlights - Trinity College vs St. Anthony真真真真s College - Schools Rugby League 2019 - #Match 13
733,Highlights - Vidyartha College vs Zahira College - Schools Rugby League 2019 - #Match 60
734,Highlights - Wesley College v Trinity College - Singer Schools' Rugby League - 2017 - #Match 1
735,Highlights - Wesley College vs St. Peter真真真真s College - Schools Rugby League 2019 - #Match 23
736,Highlights - Wesley College vs Zahira College - Singer Schools' Rugby League - 2017 - #Match 20
737,Highlights - Zahira College vs Maliyadeva College - Schools Rugby 2019 - #Match 59
738,Highlights - Zahira College vs Prince of Wales真真真真 College - Singer Schools' Rugby League - 2017 - #M
739,Highlights - Zahira College vs S.Thomas真真真真 College - Singer Schools' Rugby League - 2017 - #Match 7
740,Highlights - Zahira College vs Trinity College - Schools Rugby League 2019 - #Match 5
741,Highlights - Zahira College vs Trinity College - Singer Schools' Rugby League - 2017 - #Match 13
742,Hikkaduwa
743,Hiru Afternoon News Live
744,Hiru Sadaham Himidiriya
745,Hiru Sanduta Muwa Wee
746,Hiru Star  S02  Live
747,Hiru Star  S02  Live from Life Studio
748,Hiru Star S02
749,Hiru Star S02 Live
750,Hiru TV News
751,Hiru Tele Cinema Siththama
752,Hiru Top  10 Live
753,Hiru Top 10 Live
754,Hiru Tv
755,Hiruta Muwawen
756,History TV 18
757,Hit & Hot MTV Trailers
758,Hit 10
759,Hitha Hoda Pisso
760,Hitha Honda Soorayo
761,Hitha Illana Tharu
762,Hithawathiya
763,Hondatama Pahila
764,Honey I Blew Up The Kid
765,Hotel Transylvania 3: Summer Vacation
766,Hourly News
767,House At The End Of The Street
768,Hulan Gedara
769,Husma
770,I Dream Of Jeannie
771,I Love Lolanto
772,I Spy
773,I movie
774,I movie Trailer
775,I'm Losing It
776,ITN
777,ITN Television Iskole
778,Idhu Enna Maayam
779,Idora Wessa
780,Igillenna Eai Dangalannei
781,Igillenna ayi dagalanne Short movie clip
782,Ilakkaya Episode 1
783,Ilakkaya Episode 10
784,Ilakkaya Episode 2
785,Ilakkaya Episode 3
786,Ilakkaya Episode 4
787,Ilakkaya Episode 5
788,Ilakkaya Episode 6
789,Ilakkaya Episode 7
790,Ilakkaya Episode 8
791,Ilakkaya Episode 9
792,Illakaya Trailer
793,Imaika Nodigal
794,Impact Wrestling
795,Imperfect Age
796,Inayathalam
797,Indhiralogathiil Na Azhagappan
798,India Victorious : SOUTH AFRICA vs INDIA 2017-18 : 6th ODI Highlights
799,India pakistan
800,Indices and Logarithm 01
801,Indices and Logarithm 02
802,Indices and Logarithms II
803,Indrajith
804,Induta Mal Mitak
805,Inequalities
806,Ini Avan
807,Iniya Iru Malargal
808,Insecure
809,Intha Vara Kalakalappu
810,Inverse proportions
811,Ippadai Vellum
812,Ira Batu Tharuwa - Noratha Ratha
813,Ira Handa Yata
814,Ira Langa Wadei
815,Ira Sewaya
816,Iraivi
817,Irattai Roja
818,Iravukku Aayiram Kangal
819,Iru Mugan
820,Irumbu Kuthirai
821,Irumbu Thirai
822,Isipathana College Vs Dharmaraja College -School Rugby Singer League - 2016
823,Isipathana College Vs Kingswood College -School Rugby Singer League - 2016
824,Isipathana College Vs St. Peter真真真真s College - MILO K/O - Semi Final
825,Isipathana College Vs St. Thomas College -School Rugby Singer League - 2016
826,Isipathana College Vs St.Peter's College - Schools Rugby - Milo K/O - SF 1 2016
827,Isipathana College Vs Trinity College -School Rugby Singer League - 2016
828,Isipathana College Vs Wesley College -School Rugby Singer League - 2016
829,Isipathana College vs St. Anthony真真真真s College - Schools Rugby League 2019 - #Match 4
830,Isipathana College vs St. Peter真真真真s College - Schools Rugby League 2019 - MILO K/O - SF2
831,Isipathana College vs Zahira College - Schools Rugby League 2019 - #Match 21
832,Iskoleta Man Awa
833,Iskoleta Man AwaTrailer
834,Islands of North
835,Ispade Rajavum Idhaya Raniyum
836,Ivanuku Thannila Gandam
837,Ivor Dennis
838,Jaan
839,Jab Harry Met Sejal
840,Jackpot
841,Jaffna
842,Jaffna Part 1
843,Jaffna Part 2
844,Jaihind 2
845,James Bond
846,Janidu Dilshan
847,Jaya Pirith
848,Jeewana Ganga
849,Jemai Bakai
850,Jethawanaramaya
851,Jhansi Rani
852,Jiivi
853,Jil Jung Juk
854,Jilla
855,Jimmy
856,Jithan 2
857,Jodhaa Akbar
858,Joker
859,Juli Hathai
860,Julietge Boomikawa
861,Juliya
862,Jumanji: The Next Level
863,Jumanji: Welcome to the Jungle
864,Jundai Gundai
865,Jundai Gundai  short movie clip
866,Just A Father
867,Just Add Magic
868,K Pop Mania
869,KOTV Classics
870,Ka Ko Gedara
871,Ka Pae Ranasingam On Zee Plex
872,KaKaKa Po
873,Kaadhal Mannan
874,Kaaki Sattai
875,Kaala
876,Kaala Koothu
877,Kaali
878,Kaanchi - The Unbrekable
879,Kaappan
880,Kaashmora
881,Kaathadi
882,Kaathal Oviyam
883,Kaathiruppor Pattiyal
884,Kaatrin Mozhi
885,Kabali
886,Kadaisi Bench Karthi
887,Kadaisi Bench Karthi Trailer
888,Kadhal Kottai
889,Kadhalum Kadandhu Pogum
890,Kadikara Manithargal
891,Kadula
892,Kagitha_Kappal
893,Kala
894,Kala  short movie clip
895,Kalaignar TV
896,Kalank
897,Kalavaadiya Pozhuthugal
898,Kalpitiya
899,Kampana
900,Kandy
901,Kandy Esala Perahera 2015 - Part 1
902,Kandy Esala Perahera 2015 - Part 2
903,Kandy SC vs Air Force SC - Dialog Clifford Cup Knock-out 2018 - QF1
904,Kandy SC vs Air Force SC - Dialog Rugby League 2019/20 - #Match 4
905,Kandy SC vs Army SC - Dialog Rugby League 2019/20 - #Match 10
906,Kandy SC vs CR & FC - Dialog Rugby League 2018/19 - #Match 16
907,Kandy SC vs CR&FC - Dialog Rugby League 2014/15 - #Match 14
908,Kandy SC vs CR&FC - Dialog Rugby Leauge 2015/16 - #Match 15
909,Kandy SC vs Navy SC - Dialog Rugby League 2014/15 - #Match 23
910,Kandy SC vs Navy SC - Dialog Rugby League 2019/20 - #Match 8
911,Kandy SC vs Police SC  - Dialog Clifford Cup 2013/14
912,Kannadi
913,Kanthaswamy
914,Kap Suwahas Kal  Ep 103
915,Kap Suwahas Kal  Ep 131
916,Kap Suwahas Kal  Ep 40
917,Kap Suwahas Kal  Ep 42
918,Kap Suwahas Kal  Ep 51
919,Kap Suwahas Kal  Ep 63
920,Kap Suwahas Kal  Ep 92
921,Kap Suwahas Kal EP 01
922,Kap Suwahas Kal Ep 04
923,Kap Suwahas Kal Ep 05
924,Kap Suwahas Kal Ep 06
925,Kap Suwahas Kal Ep 07
926,Kap Suwahas Kal Ep 08
927,Kap Suwahas Kal Ep 09
928,Kap Suwahas Kal Ep 10
929,Kap Suwahas Kal Ep 100
930,Kap Suwahas Kal Ep 101
931,Kap Suwahas Kal Ep 102
932,Kap Suwahas Kal Ep 104
933,Kap Suwahas Kal Ep 105
934,Kap Suwahas Kal Ep 106
935,Kap Suwahas Kal Ep 107
936,Kap Suwahas Kal Ep 108
937,Kap Suwahas Kal Ep 109
938,Kap Suwahas Kal Ep 11
939,Kap Suwahas Kal Ep 110
940,Kap Suwahas Kal Ep 111
941,Kap Suwahas Kal Ep 112
942,Kap Suwahas Kal Ep 113
943,Kap Suwahas Kal Ep 114
944,Kap Suwahas Kal Ep 115
945,Kap Suwahas Kal Ep 116
946,Kap Suwahas Kal Ep 117
947,Kap Suwahas Kal Ep 118
948,Kap Suwahas Kal Ep 119
949,Kap Suwahas Kal Ep 12
950,Kap Suwahas Kal Ep 120
951,Kap Suwahas Kal Ep 121
952,Kap Suwahas Kal Ep 123
953,Kap Suwahas Kal Ep 13
954,Kap Suwahas Kal Ep 130
955,Kap Suwahas Kal Ep 133
956,Kap Suwahas Kal Ep 134
957,Kap Suwahas Kal Ep 14
958,Kap Suwahas Kal Ep 15
959,Kap Suwahas Kal Ep 16
960,Kap Suwahas Kal Ep 17
961,Kap Suwahas Kal Ep 18
962,Kap Suwahas Kal Ep 19
963,Kap Suwahas Kal Ep 20
964,Kap Suwahas Kal Ep 21
965,Kap Suwahas Kal Ep 22
966,Kap Suwahas Kal Ep 23
967,Kap Suwahas Kal Ep 24
968,Kap Suwahas Kal Ep 25
969,Kap Suwahas Kal Ep 26
970,Kap Suwahas Kal Ep 27
971,Kap Suwahas Kal Ep 28
972,Kap Suwahas Kal Ep 29
973,Kap Suwahas Kal Ep 30
974,Kap Suwahas Kal Ep 31
975,Kap Suwahas Kal Ep 32
976,Kap Suwahas Kal Ep 33
977,Kap Suwahas Kal Ep 34
978,Kap Suwahas Kal Ep 35
979,Kap Suwahas Kal Ep 36
980,Kap Suwahas Kal Ep 37
981,Kap Suwahas Kal Ep 38
982,Kap Suwahas Kal Ep 39
983,Kap Suwahas Kal Ep 41
984,Kap Suwahas Kal Ep 43
985,Kap Suwahas Kal Ep 44
986,Kap Suwahas Kal Ep 45
987,Kap Suwahas Kal Ep 46
988,Kap Suwahas Kal Ep 47
989,Kap Suwahas Kal Ep 48
990,Kap Suwahas Kal Ep 49
991,Kap Suwahas Kal Ep 50
992,Kap Suwahas Kal Ep 52
993,Kap Suwahas Kal Ep 53
994,Kap Suwahas Kal Ep 54
995,Kap Suwahas Kal Ep 55
996,Kap Suwahas Kal Ep 56
997,Kap Suwahas Kal Ep 57
998,Kap Suwahas Kal Ep 58
999,Kap Suwahas Kal Ep 59
1000,Kap Suwahas Kal Ep 61
1001,Kap Suwahas Kal Ep 62
1002,Kap Suwahas Kal Ep 64
1003,Kap Suwahas Kal Ep 65
1004,Kap Suwahas Kal Ep 66
1005,Kap Suwahas Kal Ep 67
1006,Kap Suwahas Kal Ep 68
1007,Kap Suwahas Kal Ep 69
1008,Kap Suwahas Kal Ep 70
1009,Kap Suwahas Kal Ep 71
1010,Kap Suwahas Kal Ep 72
1011,Kap Suwahas Kal Ep 73
1012,Kap Suwahas Kal Ep 74
1013,Kap Suwahas Kal Ep 75
1014,Kap Suwahas Kal Ep 77
1015,Kap Suwahas Kal Ep 78
1016,Kap Suwahas Kal Ep 79
1017,Kap Suwahas Kal Ep 80
1018,Kap Suwahas Kal Ep 81
1019,Kap Suwahas Kal Ep 82
1020,Kap Suwahas Kal Ep 83
1021,Kap Suwahas Kal Ep 84
1022,Kap Suwahas Kal Ep 85
1023,Kap Suwahas Kal Ep 86
1024,Kap Suwahas Kal Ep 87
1025,Kap Suwahas Kal Ep 88
1026,Kap Suwahas Kal Ep 89
1027,Kap Suwahas Kal Ep 90
1028,Kap Suwahas Kal Ep 91
1029,Kap Suwahas Kal Ep 93
1030,Kap Suwahas Kal Ep 94
1031,Kap Suwahas Kal Ep 95
1032,Kap Suwahas Kal Ep 96
1033,Kap Suwahas Kal Ep 97
1034,Kap Suwahas Kal Ep 98
1035,Kap Suwahas Kal Ep 99
1036,Karma
1037,Karma Short movie clip
1038,Kasthuri Suwada
1039,Katata Rahata
1040,Katha Karana Heena
1041,Katha Karana Heena Trailer
1042,Katham Katham
1043,Katham Katham Movie Trailer
1044,Kaththi
1045,Kathukutti
1046,Kathuru Muwath
1047,Kattappava Kanom
1048,Kauda Machan Alice
1049,Kavalai Wendam
1050,Kavan
1051,Kavindana Perera
1052,Kee
1053,Kee Trailer
1054,Keetaya 04
1055,Kelimadala
1056,Keshan Kavinda
1057,Kick-Ass
1058,Kick-Off
1059,Kidnapping Freddy Heineken
1060,Kids Cartoon
1061,Kids Movie
1062,Killadi
1063,Kingdom
1064,Kingswood College vs St. Peter真真真真s College - Schools Rugby League 2019 - #Match 9
1065,Kingswood College vs St. Peter真真真真s College - Schools Rugby League 2019 - MILO K/O - QF4
1066,Kingswood College vs Wesley College - Schools Rugby League 2019 - #Match 6
1067,Kinniya & Muthur
1068,Kireedam
1069,Kirivehera
1070,Kithu Ovadanak
1071,Kiwwada Nahi Nokiwwada Nahi
1072,Ko 2
1073,Kolaba Sanniya Returns
1074,Kolamba Sanniya
1075,Kollywood Cine Neram
1076,Kolomba Sanniya Returns  short movie clip
1077,Kolomba Sanniya Returns Sneak Peak
1078,Kopi Kade
1079,Korean National Foundation Day
1080,Kostapal Punyasoma
1081,Kota Uda Express
1082,Koti Sana
1083,Kshema Bhoomi
1084,Kulavilokanaya Episode 01
1085,Kulavilokanaya Episode 02
1086,Kulavilokanaya Episode 03
1087,Kulavilokanaya Episode 04
1088,Kulavilokanaya Episode 05
1089,Kulavilokanaya Episode 06
1090,Kulavilokanaya Episode 07
1091,Kulavilokanaya Episode 08
1092,Kulavilokanaya Episode 09
1093,Kulavilokanaya Episode 10
1094,Kulavilokanaya Episode 11
1095,Kulavilokanaya Episode 12
1096,Kulavilokanaya Episode 13
1097,Kulavilokanaya Episode 14
1098,Kulavilokanaya Episode 15
1099,Kulavilokanaya Episode 16
1100,Kulavilokanaya Episode 17
1101,Kulavilokanaya Episode 18
1102,Kulavilokanaya Episode 19
1103,Kulavilokanaya Episode 20
1104,Kulavilokanaya Episode 21
1105,Kulavilokanaya Episode 22
1106,Kumkum Bhagya
1107,Kupathu Raja
1108,Kuppathu Raja Trailer
1109,Kurulu Pihatu
1110,Kuselan
1111,Kuthoosi
1112,Kuttram 23
1113,Kuttram Kadithal
1114,Kuttrame Thandanai
1115,L.A.'s Finest S02
1116,LEGO City Adventures
1117,LIVE: Australia Women v New Zealand Women 2nd ODI 2020
1118,LIVE: RAW
1119,LIVE: WWE NXT
1120,LIVE: WWE SmackDown
1121,LIVE: WWE Specials : NXT TakeOver 31
1122,Laali Ki Shaadi Mein LaddoDeewana
1123,Ladies College vs Bishop's College - 12th Annual Hockey Encounter
1124,Ladies College vs Bishop真真真真s College - 13th Annual Hockey Encounter
1125,Ladies College vs Bishop真真真真s College - 14th Annual Hockey Encounter
1126,Lagin Giyoth Aehek Ne
1127,Lagna Wasana
1128,Lahiru Kumara
1129,Lahiru Madushanka
1130,Landuni Oba Dewaganaki
1131,Lasanda
1132,Lassana Dawasak
1133,Late Night
1134,Leanders Final Journey
1135,Lego Jurassic World: Legend of Isla Nublar
1136,Letters to Nowhere
1137,Level 1 - Survivors
1138,Level 10 - Curtain Call
1139,Level 2 - The Beginning
1140,Level 3 - Why Me?
1141,Level 4 - The Lioness
1142,Level 5 - Balance
1143,Level 6 - Heywired
1144,Level 7 - Riot
1145,Level 8 - Unpredictbale
1146,Level 9 - Calm before the storm
1147,Little Women
1148,Live @ 6.50
1149,Live At 10.30 News
1150,Live At 12 News
1151,Live At 8 News
1152,Live Musical show
1153,Logarithm I
1154,Logarithm II
1155,Loka Sithiyama
1156,Lokaya Saha Lokaya
1157,Lokaya Saha Lokaya Live
1158,Lokaya saha Lokayo
1159,Lottery Draw
1160,Loudspeaker
1161,Louves
1162,Love in Bangkok
1163,Loveyatri: A Journey Of Love
1164,Lumbini College vs Prince of Wales - Day 1 - Schools Cricket Singer U19 Tournament 2016/17
1165,Ma Novana Mama
1166,Maada Obama Viya Episode 01
1167,Maada Obama Viya Episode 02
1168,Maada Obama Viya Episode 03
1169,Maada Obama Viya Episode 04
1170,Maada Obama Viya Episode 05
1171,Maada Obama Viya Episode 06
1172,Maada Obama Viya Episode 07
1173,Maada Obama Viya Episode 08
1174,Maada Obama Viya Episode 09
1175,Maada Obama Viya Episode 10
1176,Maada Obama Viya Episode 11
1177,Maada Obama Viya Episode 12
1178,Maada Obama Viya Episode 13
1179,Maada Obama Viya Episode 14
1180,Maada Obama Viya Episode 15
1181,Maada Obama Viya Episode 16
1182,Maada Obama Viya Episode 17
1183,Maada Obama Viya Episode 18
1184,Maada Obama Viya Episode 19
1185,Maada Obama Viya Episode 20
1186,Maada Obama Viya Episode 21
1187,Maada Obama Viya Episode 22
1188,Maada Obama Viya Episode 23
1189,Maada Obama Viya Episode 24
1190,Maada Obama Viya Episode 25
1191,Maada Obama Viya Episode 26
1192,Maada Obama Viya Episode 27
1193,Maada Obama Viya Episode 28
1194,Maada Obama Viya Episode 29
1195,Maada Obama Viya Episode 30
1196,Maada Obama Viya Episode 31
1197,Maada Obama Viya Episode 32
1198,Maada Obama Viya Episode 33
1199,Maada Obama Viya Episode 34
1200,Maada Obama Viya Episode 35
1201,Maada Obama Viya Episode 36
1202,Maada Obama Viya Episode 37
1203,Maada Obama Viya Episode 38
1204,Maada Obama Viya Episode 39
1205,Maada Obama Viya Episode 40
1206,Maada Obama Viya Episode 41
1207,Maada Obama Viya Episode 42
1208,Maada Obama Viya Episode 43
1209,Maada Obama Viya Episode 44
1210,Maada Obama Viya Episode 45
1211,Maada Obama Viya Episode 46
1212,Maada Obama Viya Episode 47
1213,Maada Obama Viya Episode 48
1214,Maada Obama Viya Episode 49
1215,Maada Obama Viya Episode 50
1216,Maan Karate
1217,Maari
1218,Maari 2
1219,Maathalan
1220,Maaya
1221,Madduma Bandara
1222,Madharasa Pattanam
1223,Madol Duwa
1224,Madol Kale Weerayo
1225,Madras
1226,Madu Ganga
1227,Madura Charika
1228,Magalir Mattum
1229,Mage Yalu Malu
1230,Mago Digo Die
1231,Mahadana Muththai Golayo Roththai
1232,Mahadena Mutta EP 01
1233,Mahadena Mutta EP 02
1234,Mahadena Mutta EP 03
1235,Mahadena Mutta EP 04
1236,Mahadena Mutta EP 05
1237,Mahadena Mutta EP 06
1238,Mahadena Mutta EP 07
1239,Mahadena Mutta EP 08
1240,Mahadena Mutta EP 09
1241,Mahadena Mutta EP 10
1242,Mahajana Sampatha
1243,Maharaja Ajasath
1244,Mahathala Hatana Episode 01
1245,Mahathala Hatana Episode 02
1246,Mahathala Hatana Episode 03
1247,Mahathala Hatana Episode 04
1248,Mahathala Hatana Episode 05
1249,Mahathala Hatana Episode 06
1250,Mahathala Hatana Episode 07
1251,Mahathala Hatana Episode 08
1252,Mahathala Hatana Episode 09
1253,Mahathala Hatana Episode 10
1254,Mahathala Hatana Episode 11
1255,Mahathala Hatana Episode 12
1256,Mahathala Hatana Episode 13
1257,Mahathala Hatana Episode 14
1258,Mahathala Hatana Episode 15
1259,Mahathala Hatana Episode 16
1260,Mahathala Hatana Episode 17
1261,Mahathala Hatana Episode 18
1262,Mahathala Hatana Episode 19
1263,Mahathala Hatana Episode 20
1264,Mahathala Hatana Episode 21
1265,Mahathala Hatana Episode 22
1266,Mahathala Hatana Episode 23
1267,Mahathala Hatana Episode 24
1268,Mahathala Hatana Episode 25
1269,Mahathala Hatana Episode 26
1270,Mahathala Hatana Episode 27
1271,Mahathala Hatana Episode 28
1272,Mahathala Hatana Episode 29
1273,Mahathala Hatana Episode 30
1274,Mahathala Hatana Episode 31
1275,Mahathala Hatana Episode 32
1276,Mahathala Hatana Episode 33
1277,Mahathala Hatana Episode 34
1278,Mahathala Hatana Episode 35
1279,Mahathala Hatana Episode 36
1280,Mahathala Hatana Episode 37
1281,Mahathala Hatana Episode 38
1282,Mahathala Hatana Episode 39
1283,Mahathala Hatana Episode 40
1284,Mahawiru Pandu
1285,Mahiyanganaya
1286,Maliyadeva College vs St. Anne真真真真s College - 24th One Day Encounter - 2019
1287,Mamai Raja
1288,Mandathivu and Naagadeepa
1289,Mangala Thegga Deveni Gamana Ep 01
1290,Mangala Thegga Deveni Gamana Ep 02
1291,Mangala Thegga Deveni Gamana Ep 03
1292,Mangala Thegga Deveni Gamana Ep 04
1293,Mangala Thegga Deveni Gamana Ep 05
1294,Mangala Thegga Deveni Gamana Ep 06
1295,Mangala Thegga Deveni Gamana Ep 07
1296,Mangala Thegga Deveni Gamana Ep 08
1297,Mangala Thegga Deveni Gamana Ep 09
1298,Mangala Thegga Deveni Gamana Ep 10
1299,Mangala Thegga Deveni Gamana Ep 11
1300,Mangala Thegga Deveni Gamana Ep 12
1301,Mangala Thegga Deveni Gamana Ep 13
1302,Manilka Rubeiru
1303,Maniyar Kudumbam
1304,Mann
1305,Mann Vasanai
1306,Mannar Vagaiyara
1307,Maragadha Naanayam
1308,Martina Navratilova v Chris Evert Lloyd - Australian Open 1982 Final
1309,MasterChef Australia
1310,Mathaka Swara
1311,Matrices
1312,Maya Divayina
1313,Maya Mithuro
1314,Mayurige Kathawa
1315,Me Mage Sandai
1316,Me Wage Adarayak
1317,Me wage Adarayak Trailer
1318,Me wage adarayak short movie clip
1319,Meaghamann
1320,Meera Jaakirathai
1321,Mega Blast Count Down
1322,Mega Power
1323,Meheni Banawara
1324,Meka Puduma Lokayak
1325,Melody of Wind Chime
1326,Men In Black 3
1327,Men In Black II
1328,Merkku Thodarchimalai
1329,Merku Thodarchi Malai
1330,Merlin
1331,Mersal
1332,Methuma Episode 01
1333,Methuma Episode 02
1334,Methuma Episode 03
1335,Methuma Episode 04
1336,Methuma Episode 05
1337,Methuma Episode 06
1338,Methuma Episode 07
1339,Methuma Episode 08
1340,Methuma Episode 09
1341,Methuma Episode 10
1342,Methuma Episode 12
1343,Metro
1344,Mey Dasa Kumatada
1345,Mid-Day News Bulletin
1346,Middle School The Worst
1347,Mihidum Sihina
1348,Mihikatha Dinuvo
1349,Mihinthalaya
1350,Mila Episode 01
1351,Mila Episode 02
1352,Mila Episode 03
1353,Mila Episode 04
1354,Mila Episode 05
1355,Mila Episode 06
1356,Mila Episode 07
1357,Mila Episode 08
1358,Mila Episode 09
1359,Mila Episode 10
1360,Mila Episode 100
1361,Mila Episode 11
1362,Mila Episode 12
1363,Mila Episode 13
1364,Mila Episode 14
1365,Mila Episode 15
1366,Mila Episode 16
1367,Mila Episode 17
1368,Mila Episode 18
1369,Mila Episode 19
1370,Mila Episode 20
1371,Mila Episode 21
1372,Mila Episode 22
1373,Mila Episode 23
1374,Mila Episode 24
1375,Mila Episode 25
1376,Mila Episode 26
1377,Mila Episode 27
1378,Mila Episode 28
1379,Mila Episode 29
1380,Mila Episode 30
1381,Mila Episode 31
1382,Mila Episode 32
1383,Mila Episode 33
1384,Mila Episode 34
1385,Mila Episode 35
1386,Mila Episode 36
1387,Mila Episode 37
1388,Mila Episode 38
1389,Mila Episode 39
1390,Mila Episode 40
1391,Mila Episode 41
1392,Mila Episode 42
1393,Mila Episode 43
1394,Mila Episode 44
1395,Mila Episode 45
1396,Mila Episode 46
1397,Mila Episode 47
1398,Mila Episode 48
1399,Mila Episode 49
1400,Mila Episode 50
1401,Mila Episode 51
1402,Mila Episode 52
1403,Mila Episode 53
1404,Mila Episode 54
1405,Mila Episode 55
1406,Mila Episode 56
1407,Mila Episode 57
1408,Mila Episode 58
1409,Mila Episode 59
1410,Mila Episode 60
1411,Mila Episode 61
1412,Mila Episode 62
1413,Mila Episode 63
1414,Mila Episode 64
1415,Mila Episode 65
1416,Mila Episode 66
1417,Mila Episode 67
1418,Mila Episode 68
1419,Mila Episode 69
1420,Mila Episode 70
1421,Mila Episode 71
1422,Mila Episode 72
1423,Mila Episode 73
1424,Mila Episode 74
1425,Mila Episode 75
1426,Mila Episode 76
1427,Mila Episode 77
1428,Mila Episode 78
1429,Mila Episode 79
1430,Mila Episode 80
1431,Mila Episode 81
1432,Mila Episode 82
1433,Mila Episode 83
1434,Mila Episode 84
1435,Mila Episode 85
1436,Mila Episode 86
1437,Mila Episode 87
1438,Mila Episode 88
1439,Mila Episode 89
1440,Mila Episode 90
1441,Mila Episode 91
1442,Mila Episode 92
1443,Mila Episode 93
1444,Mila Episode 94
1445,Mila Episode 95
1446,Mila Episode 96
1447,Mila Episode 97
1448,Mila Episode 98
1449,Mila Episode 99
1450,Mini Pahana Obai
1451,Mirisavatiya
1452,Miscellaneous
1453,Miss Bala
1454,Mohini
1455,Monster House
1456,Moods Of Love
1457,Mora Piritha
1458,Mortal Affair
1459,Motion Equations 01
1460,Motion Equations 02
1461,Mouse
1462,Movie
1463,Mudinja Ivana Pudi
1464,Mudinja Ivana Pudi Trailer
1465,Mulgirigala
1466,Munnodi
1467,MupaarimanamTrailer
1468,Mupparimanam
1469,Murder In Oleron
1470,Music Factory
1471,Music with You
1472,Musical Programme
1473,Muthat kanave Ep 01
1474,Muthat kanave Ep 02
1475,Muthat kanave Ep 03
1476,Muthat kanave Ep 04
1477,Muthat kanave Ep 05
1478,Muthat kanave Ep 06
1479,Muthat kanave Ep 07
1480,Muthat kanave Ep 08
1481,Muthat kanave Ep 09
1482,Muthat kanave Ep 10
1483,Muthat kanave Ep 11
1484,Muthat kanave Ep 12
1485,Muthu Ahura
1486,Muthulendora
1487,Muthuramalingam
1488,Muwan Palassa 1
1489,Muwan Palassa 2
1490,My Beautiful Country
1491,My Direct Comment
1492,My Pet
1493,NCIS S11 E017
1494,NCIS S11 E019
1495,NCIS S11 E020
1496,NCIS: Los Angeles S09
1497,NCIS: Los Angeles S10
1498,NHK Documantary
1499,Naachiyaar
1500,Naada Yaathra
1501,Naada Yaathra with Bachi Susan
1502,Naada Yaathra with Danith Sri
1503,Naada Yaathra with Nadeeka Guruge
1504,Naada Yaathra with Senaka Batagoda
1505,Naada Yaathra with Shashika Nisansala
1506,Naadi
1507,Naam Iruvar Namakku Iruvar
1508,Naan Chatriyan
1509,Naanum Rowdy Dhaan
1510,Naiyaandi
1511,Nala pana Jathakaya
1512,Nalanda College vs Ananda College - 90th Battle of the Maroons 20 - Trailer
1513,Nalanda College vs Ananda College - Day 1 - 90th Battle of the Maroons 2019
1514,Nalanda College vs Ananda College - Day 1 - 91th Battle of the Maroons 2020
1515,Nalanda College vs Ananda College - Day 2 - 91th Battle of the Maroons 2020
1516,Nalanda College vs St. John's College - Schools Rugby League 2019 - MILO K/O (Chairman) - FINAL
1517,Nalla Neram
1518,Nambiyaar
1519,Nana Kamare Episode 01
1520,Nana Kamare Episode 02
1521,Nana Kamare Episode 03
1522,Nana Kamare Episode 04
1523,Nana Kamare Episode 05
1524,Nana Kamare Episode 06
1525,Nana Kamare Episode 07
1526,Nana Kamare Episode 08
1527,Nana Kamare Episode 09
1528,Nana Kamare Episode 10
1529,Nana Kamare Episode 11
1530,Nana Kamare Episode 12
1531,Nana Kamare Episode 13
1532,Nana Kamare Episode 14
1533,Nana Kamare Episode 15
1534,Nana Kamare Episode 16
1535,Nana Kamare Episode 17
1536,Nana Mihira
1537,Nanasa Grade 10
1538,Nanasa Grade 11
1539,Nandha
1540,Nannbenda
1541,Nannbenda Trailer
1542,Naralowa Holman
1543,National Security
1544,Natpe Thunai
1545,Navarasa Thilagam
1546,Navarasa Thilagam Trailer
1547,Navod Paranavithana
1548,Navy SC vs CH & FC - Dialog Rugby League 2019/20 - #Match 40
1549,Navy SC vs CR & FC - Dialog Rugby League 2018/19 - #Match 6
1550,Navy SC vs CR & FC - Dialog Rugby League 2019/20 - #Match 31
1551,Navy SC vs Havelock SC - Dialog Rugby League 2019/20 - #Match 1
1552,Navy SC vs Havelocks SC Part - Dialog Clifford Cup 2013/14 -Final
1553,Navy SC vs Police SC - Dialog Rugby League 2019/20 - #Match 9
1554,Nayaki
1555,Need For Speed
1556,Neethane Enthan Pon Vasantham
1557,Neethane Yenthan Ponvasantham
1558,Neeya 3
1559,Negombo Part 1
1560,Negombo Part 2
1561,Nela
1562,Nela Trailer
1563,Nethi Beri Tarzen
1564,Nethi Beri Tarzen Trailer
1565,New Documentary
1566,News
1567,News & Current Affairs
1568,News & Weather Report
1569,News 1St
1570,News @ 7
1571,News Headlines
1572,News Live
1573,Nibunan
1574,Nickelodeon
1575,"Nicky, Ricky, Dicky & Dawn"
1576,Nidahase Piya D.S
1577,Nidikumba Mal
1578,Night Out
1579,Nikini Vassa
1580,Nikkini Wessa  short movie clip
1581,Nilambare
1582,Nilanjana
1583,Nilanjana Movie Trailer
1584,Nimir
1585,Ninathaley Inikkum
1586,Nino Live
1587,Nipun Dhananjaya
1588,Nipun Dhananjaya1
1589,Niwadu Kale Cinemawa
1590,No Escape
1591,No Problem Darling
1592,No Program
1593,Nohadan Amme
1594,Nommara Ekai
1595,Non Stop Comedy
1596,Noratha Ratha Episode 01
1597,Noratha Ratha Episode 02
1598,Noratha Ratha Episode 03
1599,Noratha Ratha Episode 04
1600,Noratha Ratha Episode 05
1601,Noratha Ratha Episode 06
1602,Noratha Ratha Episode 07
1603,Noratha Ratha Episode 08
1604,Noratha Ratha Episode 09
1605,Noratha Ratha Episode 10
1606,Noratha Ratha Episode 11
1607,Noratha Ratha Episode 12
1608,Noratha Ratha Episode 13
1609,Noratha Ratha Episode 14
1610,Noratha Ratha Episode 15
1611,Noratha Ratha Episode 16
1612,Noratha Ratha Episode 17
1613,Noratha Ratha Episode 18
1614,Noratha Ratha Episode 19
1615,Noratha Ratha Episode 20
1616,Noratha Ratha Episode 21
1617,Noratha Ratha Episode 22
1618,Noratha Ratha Episode 23
1619,Noratha Ratha Episode 24
1620,Noratha Ratha Episode 25
1621,Noratha Ratha Episode 26
1622,Noratha Ratha Episode 27
1623,Noratha Ratha Episode 28
1624,Noratha Ratha Episode 29
1625,Noratha Ratha Episode 30
1626,Noratha Ratha Episode 31
1627,Noratha Ratha Episode 32
1628,Noratha Ratha Episode 33
1629,Noratha Ratha Episode 34
1630,Noratha Ratha Episode 35
1631,Noratha Ratha Episode 36
1632,Noratha Ratha Episode 37
1633,Noratha Ratha Episode 38
1634,Noratha Ratha Episode 39
1635,Noratha Ratha Episode 40
1636,Noratha Ratha Episode 41
1637,Noratha Ratha Episode 42
1638,Noratha Ratha Episode 43
1639,Noratha Ratha Episode 44
1640,Noratha Ratha Episode 45
1641,Noratha Ratha Episode 46
1642,Noratha Ratha Episode 47
1643,Noratha Ratha Episode 48
1644,Not the End of the World
1645,Nowhere Ep 1
1646,Nowhere Ep 10
1647,Nowhere Ep 11
1648,Nowhere Ep 12
1649,Nowhere Ep 2
1650,Nowhere Ep 3
1651,Nowhere Ep 4
1652,Nowhere Ep 5
1653,Nowhere Ep 6
1654,Nowhere Ep 7
1655,Nowhere Ep 8
1656,Nowhere Ep 9
1657,Nowhere Trailer
1658,Nuga Sevana Live
1659,ORU MELLIYA KODU
1660,Oba Koheda Priye
1661,Om Shanthi O Shaana
1662,Once Upon a Time in Paradise
1663,One Stop Science Shop - Really Remarkable Robotics
1664,Oru Kidayin Karunai Manu
1665,Oru Oorula Oru Rajakumari
1666,Ottui Baruwata
1667,Overboard 2018
1668,Overrun
1669,Pa Paandi
1670,Paalakaatu Madhavan
1671,Paayum Puli
1672,Pachaikili Muthucharam
1673,Pagadi Aattam
1674,Pagiri
1675,Paha Samath
1676,Paisa
1677,Pakka
1678,Palagatiyo
1679,Pandian Stores
1680,Panditha Rama
1681,Pandiya Naadu
1682,Pani Makuluwo
1683,Panimakuluwo  short movie clip
1684,Papanasam
1685,Paradeesay
1686,Parallelograms I
1687,Parallelograms II
1688,Paravarthana
1689,Paris La Blanche
1690,Pariyerum  Perumal
1691,Pariyerum Perumal
1692,Partial Fraction 01
1693,Partial Fraction 02
1694,Paruthi Veeran
1695,Passengers
1696,Patalavilla
1697,Paththare
1698,Paththare Wisthare
1699,Patibhana
1700,Pattas
1701,Pattathari
1702,Pattinapakkam
1703,Pauru Walalu  short movie clip
1704,Pawulai Kathawai - Sadawatha Seya
1705,Pawulai Kathawai - Yaddehi Gedara
1706,Pawuru Walalu
1707,Pei Ellam Paavam
1708,Pei Irukka Illaya
1709,Peralikarayo
1710,Peramaga Salakunu
1711,Percentages
1712,Perera Vs Corera Episode 01
1713,Perera Vs Corera Episode 02
1714,Perera Vs Corera Episode 03
1715,Perera Vs Corera Episode 04
1716,Perera Vs Corera Episode 05
1717,Perera Vs Corera Episode 06
1718,Perera Vs Corera Episode 07
1719,Perera Vs Corera Episode 08
1720,Perera Vs Corera Episode 09
1721,Perera Vs Corera Episode 10
1722,Perera Vs Corera Episode 11
1723,Perera Vs Corera Episode 12
1724,Perera Vs Corera Episode 13
1725,Perera Vs Corera Episode 14
1726,Perera Vs Corera Episode 15
1727,Perera Vs Corera Episode 16
1728,Perera Vs Corera Episode 17
1729,Perera Vs Corera Episode 18
1730,Perera Vs Corera Episode 19
1731,Perera Vs Corera Episode 20
1732,Perera Vs Corera Episode 21
1733,Perera Vs Corera Episode 22
1734,Perera Vs Corera Episode 23
1735,Perera Vs Corera Episode 24
1736,Perera Vs Corera Episode 25
1737,Perera Vs Corera Episode 26
1738,Perera Vs Corera Episode 27
1739,Perera Vs Corera Episode 28
1740,Perera Vs Corera Episode 29
1741,Perera Vs Corera Episode 30
1742,Perera Vs Corera Episode 31
1743,Perera Vs Corera Episode 32
1744,Perera Vs Corera Episode 33
1745,Perera Vs Corera Episode 34
1746,Perera Vs Corera Episode 35
1747,Perera Vs Corera Episode 36
1748,Perera Vs Corera Episode 37
1749,Perera Vs Corera Episode 38
1750,Perera Vs Corera Episode 39
1751,Perera Vs Corera Episode 40
1752,Perera Vs Corera Episode 41
1753,Perera Vs Corera Episode 42
1754,Perera Vs Corera Episode 43
1755,Perera Vs Corera Episode 44
1756,Perera Vs Corera Episode 45
1757,Perera Vs Corera Episode 46
1758,Perera Vs Corera Episode 47
1759,Perera Vs Corera Episode 48
1760,Perera Vs Corera Episode 49
1761,Perera Vs Corera Episode 50
1762,Perera Vs Corera Episode 51
1763,Perera Vs Corera Episode 52
1764,Perera Vs Corera Episode 53
1765,Perera Vs Corera Episode 54
1766,Perera Vs Corera Episode 55
1767,Perera Vs Corera Episode 56
1768,Perera Vs Corera Episode 57
1769,Perera Vs Corera Episode 58
1770,Perera Vs Corera Episode 59
1771,Perera Vs Corera Episode 60
1772,Perimeter
1773,Peter One
1774,Peter One  short movie clip
1775,Peter one Trailer
1776,Pettikadai
1777,Peyen Peya Puwath
1778,Phoenix
1779,Pidurangala
1780,Pirates Of The Caribbean: Salazar's Revenge
1781,Pirith Chanting
1782,Pissu Double
1783,Pissu Trible
1784,Pissu Trible  short movie clip
1785,Pithamagan
1786,Play The Game
1787,Players
1788,Playlist
1789,Podhu Nalan Karudhi
1790,Pokkiri
1791,Pokkiri Raja
1792,Police SC vs CH & FC - Dialog Rugby League 2019/20 - #Match 18
1793,Police SC vs Havelock SC - Dialog Rugby League 2019/20 - #Match 39
1794,Police SC vs Kandy SC - Dialog Rugby League 2014/15 - #Match 20
1795,Police SC vs Kandy SC - Dialog Rugby League 2019/20 - #Match 15
1796,Police SC vs Navy SC - Dialog Rugby League 2018/19 - #Match 1
1797,Polonnaruwa
1798,Ponmagal Vandhal
1799,Poove Poochudava
1800,Poove Unakkaga
1801,Popcorn TV
1802,Porisadaya
1803,Porisadaya short movie clip
1804,Pota Wetiya
1805,Pragna TV
1806,Praveen de Silva
1807,Premasara Epasinghe
1808,Prince Of Wales' College vs Thurstan College - Schools Rugby League 2019 - MILO K/O (Premier) - SF2
1809,Prith Chanting
1810,Probability
1811,Probability 01
1812,Probability 02
1813,Probability 03
1814,Probability 04
1815,Probability 05
1816,Probability 06
1817,Puli
1818,Pulingu
1819,Punchi Andare
1820,Purampokku
1821,Puratchiyalar Dr. Ambedkar
1822,Puriyatha Puthir
1823,Puthuni Mata Wasana
1824,Pythagoras Theorem
1825,QF1 - Angel International School v Gateway College - ThePapare Basketball Championship 2018
1826,QF2 - Asian International School v Lyceum International School - ThePapare Basketball Championship 2
1827,QF3 - S. Thomas' College v St. Joseph's College - ThePapare Basketball Championship 2018
1828,"QF4 - Maris Stella College v Lyceum International School, Wattala - ThePapare Basketball Championshi"
1829,Quackerz
1830,Que Sera
1831,Queen
1832,Raam
1833,Raavanan
1834,Race 3
1835,Rafael
1836,Rahas Kumanthranaya
1837,Raja Daruwo
1838,Raja Magal
1839,Rajagala
1840,Rajini Murugan
1841,Rajya Sewaya Pinisai
1842,Ran Kevita
1843,Ran Kevita 2
1844,Ran Salu
1845,Ran Thili Wewa
1846,Rana Derana
1847,Randenigala Sinhaya
1848,Randiyadahara
1849,Ranja
1850,Ranja  short movie clip
1851,Rankoth Wehera and Kiri Wehera
1852,Rasa Mohotha
1853,Rassa Kale
1854,Rate
1855,Rathu Ira
1856,Raveen_Fernando
1857,Rawana
1858,Real Numbers
1859,Real Numbers 01
1860,Real Steel
1861,Red Dawn
1862,Rekka
1863,Remainder Theorem 01
1864,Remainder Theorem 02
1865,Remainder Theorem 03
1866,Remo
1867,Repentance
1868,Revision Excercise
1869,Revision Excercise 2
1870,Revision Excercise 3
1871,Richmond College vs Mahinda College - Day 1 - 114th Lovers Quarrel 2019
1872,Ridee Reyak 2019 - Part 1
1873,Ridee Reyak 2019 - Part 2
1874,Ridee Reyak 2019 - Part 3
1875,Ridee Reyak 2019 - Part 4
1876,Ridee Reyak 2019 - Part 5
1877,Ridee Reyak 2019 - Part 6
1878,Ridee Reyak 2019 - Part 7
1879,Ridee TV
1880,Roadies Revolution Behind The Scene
1881,Robin Hood
1882,Rod Laver v Tony Roche - Australian Open 1969 Semifinal
1883,Rohana Baddage
1884,Romeo Juliet
1885,Room No 33
1886,Royal College Vs S. Thomas' College - Singer League
1887,Royal College Vs Wesley College - Schools Rugby 2016 - Milo K/O 2016
1888,Royal College v Kingswood College - Singer Schools' Rugby League 2018 - #Match 1
1889,Royal College v S.Thomas' College - 137th Battle of the Blues 2016 - Day 1
1890,Royal College v S.Thomas' College - 137th Battle of the Blues 2016 - Day 2
1891,Royal College v Trinity College - Singer Schools' Rugby League 2018 - #Match 26
1892,Royal College vs Maliyadeva College - Schools Rugby League 2019 - #Match 3
1893,Royal College vs S. Thomas' College Trailer
1894,Royal College vs S.Thomas' College - 26th Hayman Trophy - 1st Leg
1895,Royal College vs S.Thomas' College - 26th Hayman Trophy - 2nd Leg
1896,Royal College vs S.Thomas' College - 27th Hayman Trophy - 1st Leg
1897,Royal College vs S.Thomas' College - 27th Hayman Trophy - 2nd Leg
1898,Royal College vs S.Thomas真真真真 College - 44th One-Day Encounter - 2019
1899,Royal College vs S.Thomas真真真真 College - Day 1 - 141st Battle of the Blues 2020
1900,Royal College vs S.Thomas真真真真 College - Day 2 - 141st Battle of the Blues 2020
1901,Royal College vs St. Joseph真真真真s College - Schools Rugby League 2019 - #Match 46
1902,Royal College vs Wesley College - Schools Rugby League 2019 - #Match 17
1903,Royal College vs Wesley College - Singer Schools' Rugby League 2018 - #Match 34
1904,Ru Dawase Paththara Live
1905,Rubaai
1906,Rum
1907,Rumassala EP 01
1908,Rumassala EP 02
1909,Rumassala EP 03
1910,Rumassala EP 04
1911,Rumassala EP 05
1912,Rumassala EP 06
1913,Rumassala EP 07
1914,Rumassala EP 08
1915,Rumassala EP 09
1916,Rumassala EP 10
1917,Rumassala Trailer
1918,Rupavahini
1919,Rupavahini Jathika Pasala
1920,Rupavahini Superball Sangeethaya
1921,Ruwanweli Maha Seya
1922,S. Thomas' College Vs Zahira College - Schools Rugby - Milo K/O 2016
1923,S. Thomas真真真真 College vs Kingswood College - Schools Rugby League 2019 - #Match 18
1924,S. Thomas真真真真 College vs Royal College - Schools Rugby League 2019 - #Match 12
1925,Saath Nibhaana Saathiya
1926,Sabotage
1927,Sachein
1928,Saddharma Makaranda
1929,Sagaa
1930,Sagawunu Ranwan Puraya
1931,Saheb Biwi Aur Gangster 3
1932,Sakala Guru
1933,Sakalakala Vallavan
1934,Sakalakala Vallavan Movie Trailer
1935,Sakisada Suwaris
1936,Sakkaran
1937,Sakkarang
1938,Sakman Maluwa
1939,Sakuge Kathawa
1940,Sakwala Vasiyo
1941,Salakuna
1942,Salan Hanthe
1943,Samaja Sangayana
1944,Samanala Sandwaniya
1945,Samanthara
1946,Sammy'S - 2
1947,Sanda Diya Siththama
1948,Sandagiriya
1949,Sandamarutham
1950,Sangeethe
1951,Sangili
1952,Sangili  short movie clip
1953,Saravanan Irukka Bayamaen
1954,Saregamapa Seniors S2
1955,Sargent Nallathambi
1956,Sargent Nallathambi short movie clip
1957,Sarigama Super Battle
1958,Sasa Jathakaya
1959,Sasara Kinnaravi - Korean
1960,Sasara sewanali Poya Drama Ath Harima
1961,Sathaya Devi
1962,Sathischandra Edirisinghe
1963,Sathriyan
1964,Sathya
1965,Saturday Ayubowan - Live
1966,Satyameva Jayate
1967,Savarikaadu
1968,Sayuru Thera
1969,Scale Diagrams
1970,Schools Rugby 2018
1971,Schools Rugby League 2018
1972,Science
1973,Season Ticket
1974,Second Term Revision Exercises
1975,Seetha Man Awa
1976,Seetha Sameeray
1977,Sei
1978,Seinfeld
1979,Sembaruthi
1980,Semi Final 2 - S. Thomas' College v Gateway College ThePapare Basketball Championship 2018
1981,Semi Final: Royal College vs Trinity College -Schools' Rugby Milo Knockouts 2014
1982,Semma
1983,Semma Botha Aagatha
1984,Sengavunu Kahawanu
1985,Senthoora Poove
1986,Sepata Dukata Sunny
1987,Seriwanija Jathakaya
1988,Seth Maga Siritha
1989,Sethupathi
1990,Sethupathi Trailer
1991,Sets
1992,Sevan NotesLive
1993,Sewwandi
1994,Shakthi Night Show
1995,Shakthi Tv
1996,Shakti Astitva Ke Ehsaas Ki
1997,Shanida Sadaya
1998,Shanida Wasana
1999,Share Market
2000,Sharemarket
2001,Shivaji
2002,Sidu
2003,Sigaram Thodu
2004,Sigiriya
2005,Sihina Genena Kumariye
2006,Sihina Samagama
2007,Sihini
2008,Sil PawaranayAshirwada Poojawa - Live
2009,Sillunu Oru Kaadhal
2010,Sinahawa Atharin
2011,Sinahawa Atharin  short movie clip
2012,Sindhu Bhairavi
2013,Sindu Choice
2014,Singakottai
2015,Singam
2016,Singam 3
2017,Sinhala
2018,Sinhala Main News -Live
2019,Sinhawalokanaya
2020,Sinhawalokanaya  short movie clip
2021,Sinhaya
2022,Sir Garfield Sobers Felicitation
2023,Sirasa Tv
2024,Siri Raja Siri
2025,Siribo Ayya
2026,Sirimaname
2027,Sirimati Siththaravi
2028,Sirippoli TV
2029,Sirippu Vedi Ep 01
2030,Sirippu Vedi Ep 02
2031,Sirippu Vedi Ep 03
2032,Sirippu Vedi Ep 04
2033,Sirippu Vedi Ep 05
2034,Sirippu Vedi Ep 06
2035,Sirippu Vedi Ep 11
2036,Sirithalae Inikkum
2037,Siriyalatha
2038,Sisila Gini Gani
2039,Sith Ahase Aadare
2040,Sithulpawwa
2041,Situ Madura Episode 01
2042,Situ Madura Episode 02
2043,Situ Madura Episode 03
2044,Situ Madura Episode 04
2045,Situ Madura Episode 05
2046,Situ Madura Episode 06
2047,Situ Madura Episode 07
2048,Situ Madura Episode 08
2049,Situ Madura Episode 09
2050,Situ Madura Episode 10
2051,Situ Madura Episode 11
2052,Situ Madura Episode 12
2053,Situ Madura Episode 13
2054,Situ Madura Episode 14
2055,Situ Madura Episode 15
2056,Situ Madura Episode 16
2057,Sivaji
2058,Sivakasi
2059,Sivappusamy
2060,Sivu Desa - Live
2061,Sivu Desa Live
2062,Siyatha TV
2063,Sketch
2064,Snegithi Ep 01
2065,Snegithi Ep 02
2066,Snegithi Ep 03
2067,Snegithi Ep 04
2068,Snegithi Ep 05
2069,Snegithi Ep 06
2070,Snegithi Ep 07
2071,Snegithi Ep 08
2072,Snegithi Ep 09
2073,Snegithi Ep 10
2074,Soduru Niwasa
2075,Soduru Sithaththi Episode 01
2076,Soduru Sithaththi Episode 02
2077,Soduru Sithaththi Episode 03
2078,Soduru Sithaththi Episode 04
2079,Soduru Sithaththi Episode 05
2080,Soduru Sithaththi Episode 06
2081,Soduru Sithaththi Episode 07
2082,Soduru Sithaththi Episode 08
2083,Soduru Sithaththi Episode 09
2084,Soduru Sithaththi Episode 11
2085,Soduru Sithaththi Episode 12
2086,Soduru Sithaththi Episode 13
2087,Soduru Sithaththi Episode 14
2088,Soduru Sithaththi Episode 15
2089,Soduru Sithaththi Episode 16
2090,Soduru Sithaththi Episode 17
2091,Soduru Sithaththi Episode 18
2092,Soduru Sithaththi Episode 19
2093,Soduru Sithaththi Episode 20
2094,Soduru Sithaththi Episode 21
2095,Soduru Sithaththi Episode 22
2096,Soduru Sithaththi Episode 23
2097,Soduru Sithaththi Episode 24
2098,Soduru Sithaththi Episode 25
2099,Soduru Sithaththi Episode 26
2100,Soduru Sithaththi Episode 27
2101,Soduru Sithaththi Episode 28
2102,Soduru Sithaththi Episode 29
2103,Soduru Sithaththi Episode 30
2104,Soduru Sithaththi Episode 31
2105,Soduru Sithaththi Episode 32
2106,Soduru Sithaththi Episode 33
2107,Sokkali Minar
2108,Something
2109,Something Trailer
2110,Songland S02 E01
2111,Songs
2112,Sony SIX
2113,Sony Ten 1
2114,Sony Ten 2
2115,Soorayan Athara Veeraya
2116,Sooriya Arana
2117,Soortin Martin
2118,Soortin Martin 1
2119,Soul Story: Ramanujam
2120,South Africa Victorious : SOUTH AFRICA vs PAKISTAN 2017-18 : 2ND ODI Highlights
2121,Spandana
2122,Spandana short movie clip
2123,Spb Oru Sahaptham
2124,Special Program
2125,Speed Razor
2126,Spider Man
2127,Spider Man 2
2128,Spider Man 3
2129,Spider-Man: Far from Home
2130,Spider-Man: Homecoming
2131,Splatalot
2132,Splitsvilla
2133,SpongeBob SquarePants
2134,Square root
2135,Squareroot
2136,Sri Krishna
2137,Sri Lanka v Singapore 真真真真 Invitational International Netball Tournament 2018 - #Match 1
2138,Sri Sumangala College vs Moratu Maha Vidyalaya - 27th One Day Encounter - 2019
2139,St Peter真真真真s College Vs St. Anthony真真真真s College - Schools Rugby - Milo K/O 2016
2140,St. Anthony's College Vs Isipathana College -School Rugby Singer League - 2016
2141,St. Anthony真真真真s College vs Science College - Schools Rugby League2019 - #Match 19
2142,St. Anthony真真真真s College vs Vidyartha College - Schools Rugby League 2019 - #Match 50
2143,St. Joseph's College Vs Isipathana College - MILO K/O FINAL 2017
2144,St. Joseph's College Vs Royal College -School Rugby Singer League - 2016
2145,St. Joseph's College v S. Thomas' College - Singer Schools' Rugby League 2018 - #Match 6
2146,St. Joseph's College vs St. Peter's College  - 82nd Battle of the Saints 2016 - Day 1
2147,St. Joseph真真真真s College vs Isipathana College - Schools Rugby League 2019 - #Match 29
2148,St. Joseph真真真真s College vs Isipathana College - Schools Rugby League 2019 - MILO K/O - QF3
2149,St. Joseph真真真真s College vs Science College - Schools Rugby League 2019 - #Match 1
2150,St. Joseph真真真真s College vs St. Peter真真真真s College - 45th One-Day Encounter - 2019
2151,St. Joseph真真真真s College vs St. Peter真真真真s College - Day 1 - 86th Battle of the Saints 2020
2152,St. Joseph真真真真s College vs Zahira College - Schools Rugby League 2019 - #Match 14
2153,St. Peter's College v Zahira College - Singer Schools Rugby League 2018 - #Match 4
2154,St. Peter真真真真s College Vs Trinity College -Schools Rugby Singer League 2017 -#Match 33
2155,St. Sebastian真真真真s College vs Prince of Wales真真真真 College - 34th One-Day Encounter - 2019
2156,Star Plus
2157,Star Vijay
2158,Starship Troopers 3: Marauder
2159,Start Music  S02
2160,Station Closing Pirith
2161,Statistics 01
2162,Statistics 02
2163,Statistics 03
2164,Statistics 04
2165,Statistics 05
2166,Step Up
2167,Sthree
2168,Straight Drive
2169,Street Fighter: The Legend Of Chun-Li
2170,StreetDance 2
2171,Streets Of Berlin: Meta
2172,Streets Of Berlin: Urban Beasts
2173,Strongman Champions League  - SCL - 2018 - Stage 3
2174,Strongman Champions League  - SCL - 2018 - Stage 5
2175,Subhaa
2176,Sudda Hami Episode 01
2177,Sudda Hami Episode 02
2178,Sudda Hami Episode 03
2179,Sudda Hami Episode 04
2180,Sudda Hami Episode 05
2181,Sudda Hami Episode 06
2182,Sudda Hami Episode 07
2183,Sudda Hami Episode 08
2184,Sudda Hami Episode 09
2185,Sudda Hami Episode 10
2186,Sudda Hami Episode 11
2187,Sudda Hami Episode 12
2188,Sudda Hami Episode 13
2189,Sudda Hami Episode 14
2190,Sudda Hami Episode 15
2191,Sudda Hami Episode 16
2192,Sudu Aiya
2193,Sudu Piruwata
2194,Sudu Walassu
2195,Sugee Cake
2196,Sujatha Diyani
2197,Sujatha Puthra
2198,Sukumale
2199,Sulanga (The Wind)
2200,Sullan
2201,Suminda Sirisena
2202,Sun Music
2203,Sunday
2204,Sunday 3to6 Ep 01
2205,Sunday 3to6 Ep 02
2206,Sunday 3to6 Ep 03
2207,Sunday 3to6 Ep 04
2208,Sunday 3to6 Ep 05
2209,Sunday 3to6 Ep 06
2210,Sunday 3to6 Ep 07
2211,Sunday 3to6 Ep 08
2212,Sunday 3to6 Ep 09
2213,Sunday 3to6 Ep 10
2214,Super Scenes
2215,Super Shiva
2216,Superman Returns
2217,Supernatural S015
2218,Supernatural S15
2219,Supiri Andare
2220,Supiri Vasana
2221,Supreme TV
2222,Surayangeth Suraya
2223,Surface Area and Volume
2224,Surface area of Solids
2225,Surface area of solids
2226,Suriya Diyani
2227,Suryavamsam
2228,Suseema
2229,Swarnavahini
2230,TEST1
2231,TNL
2232,TOP 5
2233,TV Derana
2234,TV1
2235,Talk With Bandu
2236,"Tamil Literature, Across Genres: Ayathurai Santhan, Gayathree Srikandavel and Kandiah Shriganeshan"
2237,Tamizha Tamizha
2238,Tangents
2239,Tangled
2240,Taramani
2241,Tarinda Ratwatte
2242,Tawume Iskole
2243,Teledrama
2244,Teleshopping
2245,Tempo
2246,Temptation
2247,Ten Cricket
2248,Tenderness
2249,Terminator 3 Rise Of The Machines
2250,Terminator Salvation
2251,Thaam Dhoom
2252,Thaandavam
2253,Thadam
2254,Thalaivaa
2255,Thambikku Indha Ooru
2256,Thanga Magan
2257,Thanha Rathi Ranga
2258,Thanthirimale
2259,Thaprobana
2260,Tharai Thappattai
2261,Tharu Walalla
2262,The 100
2263,The Adventures of Sharkboy and Lavagirl in 3-D
2264,The Adventures of Tintin
2265,The Amazing Spider-Man
2266,The Amazing Spider-Man 2
2267,The Angry Birds Movie
2268,The Animal
2269,The Battle Of The Ex Besties S01
2270,The Best Exotic Marigold Hotel
2271,The Big Bang Theory S4
2272,The Blacklist S07
2273,The Capture S01
2274,The Cave Of The Yellow Dog
2275,The Chronicles Of Narnia: Prince Caspian
2276,The Emoji Movie
2277,The Fairly OddParents
2278,The Golden Age of Journalism
2279,The Golden Sword
2280,The Greedy Closet
2281,The Grudge
2282,The Happiest Moment
2283,The Incomplete Verses
2284,The Karate Kid
2285,The Kitchen
2286,The Lark
2287,The Last Breath
2288,The Loud House
2289,The Mid point Theoram
2290,The Midpoint Theorem
2291,The Next Move
2292,The Other
2293,The Pact
2294,The Pasta Detectives
2295,The Reef
2296,The Rookie
2297,The Thundermans
2298,The Watchers Beginning
2299,The Watchers The Last Hero
2300,The Wedding Misplanner
2301,The Zoom
2302,Thenali
2303,Theri
2304,Theru Naaigal
2305,Thillu Mullu
2306,Thirumalai
2307,Thirupaachi
2308,Thiruttu Payale 2
2309,Thiruttu Payale 2 Trailer
2310,Thiruvannamalai
2311,Thodari
2312,Thondan
2313,Thrimana Ep 01
2314,Thrimana Ep 02
2315,Thrimana Ep 03
2316,Thrimana Ep 04
2317,Thrimana Ep 05
2318,Thrimana Ep 06
2319,Thrimana Ep 07
2320,Thrimana Ep 08
2321,Thrimana Ep 09
2322,Thrimana Ep 10
2323,Thulladha Manamum Thullum
2324,Thuparamaya
2325,Thurstan College vs Isipathana College - 39th One-Day Encounter - 2019
2326,Thurstan College vs Isipathana College - Day 1 - 56th Battle of the Brothers 2019
2327,Thurstan College vs Isipathana College - Day 1 - 57th Battle of the Brothers 2020
2328,Thurstan College vs Isipathana College - Day 2 - 57th Battle of the Brothers 2020
2329,Thurstan College vs Isipathana College - Trailer
2330,Tik Tok Life
2331,Tik Tok Show
2332,Toilet - Ek Prem Katha
2333,Torchlight
2334,Torchlight Trailer
2335,Trace TV
2336,Traingles I
2337,Traingles II
2338,Travel Channel
2339,Travel XP
2340,Trigometry
2341,Trigonometry
2342,Trincomalee
2343,Trinity College v St. Anthony's College - Singer Schools' Rugby League 2018 - #Match 5
2344,Trinity College v St. Joseph's College - Singer Schools' Rugby League 2018 - #Match 11
2345,Trinity College vs Isipathana College - Schools Rugby League 2019 - #Match 11
2346,Trinity College vs Royal College - Schools Rugby League 2019 - #Match 32 - Bradby 真真真真 1st Leg
2347,Trinity College vs St. Anthony真真真真s College - 36th Trinity Vs St. Anthony's One Day Encounter 2016
2348,Trinity College vs St. Anthony真真真真s College - 38th One Day Encounter - 2019
2349,Trinity College vs St. Anthony真真真真s College - Day 1 - 102nd Hill Capital Battle of the Blues 2019
2350,Trinity College vs St. Anthony真真真真s College - Day 2 - 102nd Hill Capital Battle of the Blues 2019
2351,Trinity College vs Wesley College -Schools' Rugby Milo Knockouts 2014
2352,Trip to Hell Episode 1
2353,Trip to Hell Episode 10
2354,Trip to Hell Episode 11
2355,Trip to Hell Episode 12
2356,Trip to Hell Episode 13
2357,Trip to Hell Episode 2
2358,Trip to Hell Episode 3
2359,Trip to Hell Episode 4
2360,Trip to Hell Episode 5
2361,Trip to Hell Episode 6
2362,Trip to Hell Episode 7
2363,Trip to Hell Episode 8
2364,Trip to Hell Episode 9
2365,Trip_To_Hell
2366,Trisha Illana Nayanthara
2367,Try of the First Round
2368,Try of the Week 03
2369,Tujhse Hai Raabta
2370,Twin Island
2371,UEFA Nations League 2020-21 Ukraine vs Spain
2372,UFC Fight Night : Moraes vs Sandhagen
2373,UNL 2020/21-MD4-Croatia vs France Highlights
2374,UNL Preview -MD3 & MD4
2375,Udayam TV
2376,Un Amor
2377,Un Samayal Arayil
2378,Unusum Rathriya
2379,Up
2380,Uthuwankande Saradiyel
2381,Uttama Villain
2382,Utv Night Show
2383,V Care
2384,VIP 2
2385,Vaaimai
2386,Vaaliba Raja
2387,Vaalu
2388,Vaaranam Aayiram
2389,Vada Chennai
2390,Vai Raja Vai
2391,Vaigai Express
2392,Valiyavan
2393,Vanakkam Chennai
2394,Vanamagan
2395,Vanmam
2396,Vantha Rajavathaan Varuvan Trailer
2397,Vantha Rajavathaan Varuven
2398,Vanthutaanya Vanthutaan
2399,Varalaru
2400,Vasantham TV
2401,Vaseegara
2402,Vasool Raja MBBS
2403,Vasuki
2404,Vedalam
2405,Veera
2406,Veera Puran Appu
2407,Veera Sivaji
2408,Veeram
2409,Velaiilla Pattadhari
2410,Velaiilla Pattadhari 2
2411,Velaiyilla Pattathari
2412,Vellaikaara Durai
2413,Velocity Time Graphs 01
2414,Velocity Time Graphs 02
2415,Velocity Time Graphs 03
2416,Velocity Time Graphs 04
2417,Venghai
2418,Vennila kabaddi kuzhu 2
2419,Vettaiyaadu Vilaiyaadu
2420,Vidhi Madhi Ultaa
2421,Vidiyum Varai Siringal
2422,Vidyartha College vs Wesley College - Schools Rugby League 2019 - MILO K/O - SF1
2423,Villegas
2424,Villu
2425,Vindaneeya Udasana Live
2426,Vinnukum Mannukum
2427,Visaranai
2428,Vishwaroopam
2429,Vivegam
2430,Volume of Solids
2431,Volume of solids
2432,WWE BlockBusters : Backlash 2016
2433,WWE BlockBusters : Summer Slam 2019
2434,WWE BlockBusters : SummerSlam 2020
2435,WWE BlockBusters : Vengeance 2001
2436,WWE Blockbusters :
2437,WWE Dhamaal League : NXT TakeOver : Chicago
2438,WWE Dhamaal League : NXT TakeOver : R-Evolution
2439,WWE MAIN EVENT
2440,WWE RAW
2441,WWE Smackdown
2442,WWE Specials : Clash of Champions 2020
2443,Wala Patala
2444,Warner TV
2445,Warrior
2446,Wassanaye Sanda
2447,Wassanaye Sanda  short movie clip
2448,Watchman
2449,Weda Bari Tarzan
2450,Weda Beri Tarzan Mathisabayata
2451,Weda Gedara
2452,Weda Hamine Episode 01
2453,Weda Hamine Episode 02
2454,Weda Hamine Episode 03
2455,Weda Hamine Episode 04
2456,Weda Hamine Episode 05
2457,Weda Hamine Episode 06
2458,Weda Hamine Episode 07
2459,Weda Hamine Episode 08
2460,Weda Hamine Episode 09
2461,Weda Hamine Episode 10
2462,Weda Hamine Episode 11
2463,Weda Hamine Episode 12
2464,Wedding is an Art Episode 1
2465,Wedding is an Art Episode 10
2466,Wedding is an Art Episode 2
2467,Wedding is an Art Episode 3
2468,Wedding is an Art Episode 4
2469,Wedding is an Art Episode 5
2470,Wedding is an Art Episode 6
2471,Wedding is an Art Episode 7
2472,Wedding is an Art Episode 9
2473,Weerawarna
2474,Weerawarna Movie Trailer
2475,Wellawatte & Bambalapitiya
2476,Wes
2477,Wesley College Vs St. Joseph真真真真s College - MILO K/O - QF4
2478,Wesley College Vs Trinity College -Schools Rugby Singer League 2017 -#Match 1
2479,Wesley College v Dharmaraja College - Singer Schools' Rugby League 2018 - #Match 3
2480,Wesley College vs St. Peter真真真真s College - Schools Rugby League 2019 - MILO K/O - FINAL
2481,Western Stars
2482,Whatever You Want
2483,White light
2484,Will & Grace
2485,Wimal Kumara De Costa
2486,World's Funniest Videos
2487,Worldwide
2488,Write to Reconcile
2489,Writing Sri Lanka from the Diaspora
2490,Yaakkai
2491,Yaaradi Nee Mohini
2492,Yagavarayinum Naa Kaakka
2493,Yakada Pihatu
2494,Yama Raja Siri
2495,Yaman
2496,Yapahuwa
2497,Yasa Isuru
2498,Yatala Wehera
2499,Yatchan
2500,Yeh Hai Chahatein
2501,Yeh Rishta Kya Kehlata Hai
2502,Yennai Arindhaal
2503,Yesterday
2504,Yoga Guru Babaramdev
2505,Youth
2506,Yupun Abeykoon
2507,Zahira College v Wesley College - Singer Schools' Rugby League 2018 - #Match 23
2508,Zahira College vs Trinity College - Schools Rugby League 2019 - #Match 5
2509,Zee Cafe
2510,Zee Cinema
2511,Zee Super Family
2512,Zee TV
2513,Zee Tamil
2514,Zee Tamil Kutumbha Viirudhugal 2020 Prelude - Part 2
2515,Zombieland
2516,Zombieland: Double Tap
2517,Zoom
2518,Zoom  short movie clip
2519,Zorro
2520,kadamban
2521,unknown
